name,surname,age
Alex,Comu,22
Valeria,Gela,91
Alex,Comu,22
Valeria,Gela,91
Alex,Comu,22
Valeria,Gela,91
Alex,Comu,22
Valeria,Gela,91
Alex,Comu,22
Valeria,Gela,91
Alex,Comu,22
Valeria,Gela,91
Alex,Comu,22
Valeria,Gela,91
Alex,Comu,22
Valeria,Gela,91
Alex,Comu,22
Valeria,Gela,91
Alex,Comu,22
Valeria,Gela,91
Alex,Comu,22
Valeria,Gela,91
Alex,Comu,22
Valeria,Gela,91
Alex,Comu,22
Valeria,Gela,91
Alex,Comu,22
Valeria,Gela,91
Alex,Comu,22
Valeria,Gela,91
Alex,Comu,22
Valeria,Gela,91
Alex,Comu,22
Valeria,Gela,91
Alex,Comu,22
Valeria,Gela,91
Alex,Comu,22
Valeria,Gela,91
Alex,Comu,22
Valeria,Gela,91
Alex,Comu,22
Valeria,Gela,91
Alex,Comu,22
Valeria,Gela,91
Alex,Comu,22
Valeria,Gela,91
Alex,Comu,22
Valeria,Gela,91
Alex,Comu,22
Valeria,Gela,91
Alex,Comu,22
Valeria,Gela,91
Alex,Comu,22
Valeria,Gela,91
Alex,Comu,22
Valeria,Gela,91
Alex,Comu,22
Valeria,Gela,91
Alex,Comu,22
Valeria,Gela,91
Alex,Comu,22
Valeria,Gela,91
Alex,Comu,22
Valeria,Gela,91
Alex,Comu,22
Valeria,Gela,91
Alex,Comu,22
Valeria,Gela,91
Alex,Comu,22
Valeria,Gela,91
Alex,Comu,22
Valeria,Gela,91
Alex,Comu,22
Valeria,Gela,91
